--
-- PostgreSQL database dump
--

-- Dumped from database version 16.3 (Debian 16.3-1.pgdg120+1)
-- Dumped by pg_dump version 16.3 (Debian 16.3-1.pgdg120+1)

SET statement_timeout = 0;
SET lock_timeout = 0;
SET idle_in_transaction_session_timeout = 0;
SET client_encoding = 'UTF8';
SET standard_conforming_strings = on;
SELECT pg_catalog.set_config('search_path', '', false);
SET check_function_bodies = false;
SET xmloption = content;
SET client_min_messages = warning;
SET row_security = off;

SET default_tablespace = '';

SET default_table_access_method = heap;

--
-- Name: library; Type: TABLE; Schema: public; Owner: magumagu
--

CREATE TABLE public.library (
    id bigint NOT NULL,
    library_order integer NOT NULL,
    member_id bigint NOT NULL,
    name character varying(255) NOT NULL
);


ALTER TABLE public.library OWNER TO magumagu;

--
-- Name: library_book_mapper; Type: TABLE; Schema: public; Owner: magumagu
--

CREATE TABLE public.library_book_mapper (
    book_id bigint NOT NULL,
    created_at timestamp(6) without time zone,
    updated_at timestamp(6) without time zone,
    book_color character varying(255),
    book_order integer,
    end_at date,
    rating integer,
    start_at date,
    status character varying(255),
    library_id bigint NOT NULL,
    CONSTRAINT library_book_mapper_status_check CHECK (((status)::text = ANY ((ARRAY['READ'::character varying, 'READING'::character varying, 'DIB'::character varying])::text[])))
);


ALTER TABLE public.library_book_mapper OWNER TO magumagu;

--
-- Name: library_id_seq; Type: SEQUENCE; Schema: public; Owner: magumagu
--

ALTER TABLE public.library ALTER COLUMN id ADD GENERATED BY DEFAULT AS IDENTITY (
    SEQUENCE NAME public.library_id_seq
    START WITH 1
    INCREMENT BY 1
    NO MINVALUE
    NO MAXVALUE
    CACHE 1
);


--
-- Name: library_style; Type: TABLE; Schema: public; Owner: magumagu
--

CREATE TABLE public.library_style (
    library_id bigint NOT NULL,
    font_name character varying(255),
    font_size character varying(255),
    library_color character varying(255)
);


ALTER TABLE public.library_style OWNER TO magumagu;

--
-- Data for Name: library; Type: TABLE DATA; Schema: public; Owner: magumagu
--

COPY public.library (id, library_order, member_id, name) FROM stdin;
1	1	1	기본 서재
2	1	2	기본 서재
3	1	3	기본 서재
4	1	4	기본 서재
5	1	5	기본 서재
7	1	7	기본 서재
8	1	8	기본 서재
10	2	1	인생책
11	1	10	기본 서재
12	1	11	기본 서재
14	3	11	흰색
17	1	14	기본 서재
18	1	15	기본 서재
19	1	16	기본 서재
20	1	17	기본 서재
21	1	18	기본 서재
22	1	19	기본 서재
23	2	19	11
24	1	20	기본 서재
25	2	2	읽을 책
26	1	21	기본 서재
28	2	22	추리소설 개꿀잼
29	2	22	기타
31	1	23	기본 서재
33	2	3	파이썬이최고야
34	2	12	인생책
15	1	12	메인
36	2	15	인생책
9	1	9	인생책
37	2	9	북킷리스트
38	2	6	북킷리스트
6	1	6	인생책
39	1	24	기본 서재
40	2	24	2번째 서재
41	2	16	서재2
42	1	25	기본 서재
43	2	13	인생책
16	1	13	북킷리스트
\.


--
-- Data for Name: library_book_mapper; Type: TABLE DATA; Schema: public; Owner: magumagu
--

COPY public.library_book_mapper (book_id, created_at, updated_at, book_color, book_order, end_at, rating, start_at, status, library_id) FROM stdin;
163	2024-08-15 07:56:10.021174	2024-08-15 07:56:10.021174	bg-red-400	11	\N	0	2024-08-21	READING	3
166	2024-08-15 07:57:49.770278	2024-08-15 07:57:49.770278	bg-red-200	17	\N	0	2024-08-01	READING	3
168	2024-08-15 07:58:29.295997	2024-08-15 07:58:29.295997	bg-yellow-200	19	2024-08-16	5	2024-08-14	DIB	3
75	2024-08-15 09:44:18.245986	2024-08-15 09:44:18.245986	bg-green-600	2	2024-08-07	5	2024-08-01	DIB	19
6	2024-08-13 07:40:10.576584	2024-08-13 08:29:13.456347	bg-lime-400	4	2024-08-21	5	2024-08-15	READ	7
47	2024-08-14 06:52:59.186783	2024-08-15 17:26:37.617155	bg-red-200	1	2024-08-21	5	2024-08-06	READ	12
12	2024-08-15 17:41:13.241193	2024-08-15 17:41:13.241193	bg-yellow-200	5	2024-08-21	5	2024-08-21	READ	12
22	2024-08-14 08:05:56.513158	2024-08-15 17:42:10.335388	bg-blue-400	8	\N	0	\N	DIB	12
4	2024-08-14 00:28:25.470107	2024-08-14 00:28:25.470107	bg-lime-400	1	2024-08-13	5	2024-08-05	READ	11
16	2024-08-14 00:29:23.152305	2024-08-14 00:29:23.152305	bg-yellow-400	2	2024-08-14	5	2024-08-14	READ	11
17	2024-08-14 00:29:56.655859	2024-08-14 00:29:56.655859	bg-red-400	3	2024-08-14	5	2024-08-14	READ	11
39	2024-08-14 10:15:53.073864	2024-08-15 17:42:10.335507	bg-gray-400	9	\N	0	2024-08-13	READING	12
24	2024-08-14 02:23:06.853038	2024-08-15 22:43:42.904213	bg-red-600	10	2024-08-29	5	2024-08-22	READ	5
13	2024-08-13 08:20:31.897556	2024-08-15 12:49:08.158354	bg-yellow-600	3	\N	0	2024-08-12	READING	16
75	2024-08-14 08:15:34.148161	2024-08-14 08:15:34.148161	bg-gray-600	5	2024-08-14	5	2024-08-12	READ	11
101	2024-08-14 13:21:25.867107	2024-08-15 13:09:41.281771	bg-gray-600	1	\N	0	2024-08-14	READING	3
186	2024-08-15 13:10:37.613596	2024-08-15 13:10:37.613596	bg-red-400	5	\N	0	\N	DIB	33
75	2024-08-14 08:15:20.593052	2024-08-15 13:37:10.493514	bg-yellow-400	9	2024-08-03	5	2024-08-01	READ	2
121	2024-08-15 12:44:32.727987	2024-08-15 13:58:56.773491	bg-yellow-200	2	\N	0	\N	DIB	16
27	2024-08-14 05:37:02.249673	2024-08-15 13:59:04.134368	bg-blue-400	5	\N	0	2024-08-13	READING	16
37	2024-08-14 05:37:30.822167	2024-08-15 13:59:07.39406	bg-gray-600	10	2024-08-05	5	2024-08-01	READ	16
27	2024-08-14 03:39:59.24344	2024-08-14 03:39:59.24344	bg-purple-600	1	2024-08-23	5	2024-08-16	READ	23
28	2024-08-14 03:41:50.8971	2024-08-14 03:41:50.8971	bg-orange-600	4	\N	0	2024-08-09	READING	1
29	2024-08-14 03:42:07.369097	2024-08-14 03:42:07.369097	bg-gray-600	1	\N	0	2024-08-06	READING	10
30	2024-08-14 03:42:08.445169	2024-08-14 03:42:08.445169	bg-orange-600	1	\N	0	2024-08-20	READING	21
32	2024-08-14 03:44:29.610769	2024-08-14 03:44:34.922877	bg-purple-400	11	\N	0	2024-08-05	READING	1
34	2024-08-14 03:51:04.483914	2024-08-14 03:51:04.483914	bg-red-200	2	\N	0	2024-08-13	READING	20
98	2024-08-14 09:53:18.378132	2024-08-14 09:53:18.378132	bg-teal-200	1	2023-08-16	4	2023-08-16	READ	29
76	2024-08-14 08:16:04.006948	2024-08-14 12:53:25.944029	bg-blue-600	12	\N	0	\N	DIB	2
89	2024-08-14 09:55:22.975625	2024-08-14 10:00:03.033432	bg-blue-200	8	\N	0	2023-08-16	READING	28
106	2024-08-15 04:22:28.625052	2024-08-15 04:22:28.625052	bg-red-400	1	2024-08-05	5	2024-08-04	READ	9
51	2024-08-15 04:23:03.704244	2024-08-15 07:39:07.773703	bg-green-400	18	\N	0	2024-08-14	READING	9
8	2024-08-15 04:42:10.429914	2024-08-15 04:43:08.061028	bg-green-400	5	2024-08-06	5	2024-08-04	READ	6
106	2024-08-15 04:41:55.970434	2024-08-15 04:43:09.613596	bg-red-400	4	2024-08-03	5	2024-08-01	READ	6
109	2024-08-15 04:42:46.696784	2024-08-15 04:43:07.292408	bg-teal-600	12	\N	0	\N	DIB	6
167	2024-08-15 07:58:14.108536	2024-08-15 07:58:14.108536	bg-gray-600	18	2024-08-16	5	2024-08-14	READ	3
164	2024-08-15 07:56:50.825668	2024-08-15 21:59:32.02602	bg-orange-600	20	\N	0	2024-08-21	DIB	3
175	2024-08-15 10:52:20.852365	2024-08-15 10:52:20.852365	bg-yellow-200	12	\N	0	\N	DIB	3
176	2024-08-15 10:56:10.575211	2024-08-15 10:56:10.575211	bg-red-400	1	\N	0	\N	DIB	42
165	2024-08-15 07:57:32.624677	2024-08-15 11:55:08.119878	bg-lime-200	6	\N	0	\N	DIB	3
3	2024-08-15 12:46:42.283384	2024-08-15 13:58:52.339294	bg-yellow-400	12	\N	0	\N	DIB	16
183	2024-08-15 12:47:34.392231	2024-08-15 13:59:02.964472	bg-purple-400	13	\N	0	2024-08-08	READING	16
182	2024-08-15 13:59:35.219707	2024-08-15 13:59:35.219707	bg-green-600	2	\N	0	\N	DIB	43
108	2024-08-15 04:42:34.142063	2024-08-15 04:43:07.292273	bg-blue-600	10	\N	0	2024-08-05	READING	6
111	2024-08-15 05:02:31.236615	2024-08-15 05:02:31.236615	bg-lime-400	1	\N	0	\N	DIB	38
178	2024-08-15 11:51:42.883017	2024-08-15 11:51:42.883017	bg-lime-200	3	\N	0	\N	DIB	19
4	2024-08-15 05:02:41.153132	2024-08-15 05:02:41.153132	bg-teal-600	2	\N	0	\N	DIB	38
179	2024-08-15 11:52:11.075173	2024-08-15 11:52:11.075173	bg-yellow-400	5	\N	0	\N	DIB	19
181	2024-08-15 12:11:14.095787	2024-08-15 12:11:14.095787	bg-gray-200	7	\N	0	\N	DIB	19
117	2024-08-15 05:04:01.328168	2024-08-15 05:04:01.328168	bg-yellow-400	8	\N	0	\N	DIB	38
77	2024-08-14 08:16:23.768257	2024-08-15 12:15:19.863954	bg-lime-600	4	\N	0	\N	DIB	2
79	2024-08-14 08:16:43.446014	2024-08-15 12:15:19.864566	bg-purple-400	11	\N	0	\N	DIB	2
118	2024-08-15 05:04:19.814347	2024-08-15 05:04:19.814347	bg-gray-400	9	\N	0	\N	DIB	38
114	2024-08-15 05:03:10.951321	2024-08-15 05:07:00.878135	bg-orange-200	12	\N	0	\N	DIB	38
107	2024-08-15 05:57:54.599046	2024-08-15 12:49:05.533221	bg-lime-200	18	\N	0	\N	DIB	16
64	2024-08-15 12:50:56.641727	2024-08-15 12:50:56.641727	bg-orange-400	1	\N	0	2024-08-13	READING	43
112	2024-08-15 06:16:33.645187	2024-08-15 13:09:41.281975	bg-gray-400	8	\N	0	\N	DIB	3
87	2024-08-14 08:24:51.540353	2024-08-15 13:37:10.493318	bg-yellow-600	1	\N	0	\N	DIB	2
107	2024-08-15 16:43:24.851912	2024-08-15 16:43:24.851912	bg-green-600	6	\N	0	\N	DIB	11
107	2024-08-15 16:44:09.998414	2024-08-15 16:44:09.998414	bg-green-600	2	\N	0	\N	DIB	14
112	2024-08-15 05:02:51.056416	2024-08-15 05:07:01.601268	bg-orange-600	6	\N	0	\N	DIB	38
107	2024-08-15 06:26:40.74503	2024-08-15 06:26:40.74503	bg-red-400	1	2024-08-13	5	2024-08-12	READ	8
116	2024-08-15 05:03:45.627168	2024-08-15 05:07:01.68567	bg-purple-200	5	\N	0	\N	DIB	38
115	2024-08-15 05:03:20.836149	2024-08-15 05:07:01.781551	bg-red-200	4	\N	0	\N	DIB	38
10	2024-08-15 07:40:16.095919	2024-08-15 07:40:16.095919	bg-gray-600	1	2024-08-15	5	2024-08-07	READ	39
73	2024-08-14 08:08:54.550771	2024-08-14 08:08:54.550771	bg-teal-400	6	\N	0	\N	DIB	15
30	2024-08-14 08:14:44.539674	2024-08-14 08:14:44.539674	bg-blue-600	4	\N	0	\N	DIB	11
8	2024-08-13 07:42:36.510007	2024-08-14 02:19:00.522074	bg-lime-200	3	\N	0	\N	DIB	1
25	2024-08-14 03:24:16.192954	2024-08-14 03:29:16.875905	bg-blue-400	6	\N	0	\N	DIB	23
81	2024-08-14 08:17:06.981213	2024-08-14 08:17:51.023445	bg-yellow-600	15	\N	0	\N	DIB	2
3	2024-08-14 06:07:36.720995	2024-08-14 06:09:36.072831	bg-purple-600	7	\N	0	\N	DIB	8
3	2024-08-14 03:29:38.611957	2024-08-14 03:37:40.475004	bg-blue-600	10	\N	0	\N	DIB	23
11	2024-08-13 07:45:10.174131	2024-08-13 07:45:10.174131	bg-red-200	1	\N	0	\N	DIB	4
10	2024-08-13 07:43:44.310173	2024-08-13 07:49:44.924855	bg-teal-600	1	\N	0	\N	DIB	1
9	2024-08-13 07:43:18.381939	2024-08-14 03:42:27.371764	bg-red-200	5	\N	0	\N	DIB	1
28	2024-08-14 16:36:46.543926	2024-08-14 16:36:46.543926	bg-lime-400	1	\N	0	\N	DIB	34
31	2024-08-14 03:42:51.316323	2024-08-14 03:42:51.316323	bg-purple-400	1	\N	0	\N	DIB	20
91	2024-08-14 09:37:39.229287	2024-08-14 10:00:12.62662	bg-red-600	4	\N	0	\N	DIB	28
14	2024-08-13 10:17:42.70751	2024-08-14 04:33:01.48933	bg-red-400	3	\N	0	\N	DIB	15
36	2024-08-14 05:15:18.710099	2024-08-14 05:15:24.495119	bg-lime-200	7	\N	0	\N	DIB	15
82	2024-08-14 08:17:30.392245	2024-08-14 08:19:07.78816	bg-blue-200	16	\N	0	\N	DIB	2
40	2024-08-14 06:06:17.833463	2024-08-14 06:06:17.833463	bg-blue-400	1	\N	0	\N	DIB	25
7	2024-08-14 07:22:16.113846	2024-08-14 07:22:16.113846	bg-yellow-600	4	\N	0	\N	DIB	15
7	2024-08-13 07:40:57.51688	2024-08-14 07:38:53.54144	bg-lime-400	7	\N	0	\N	DIB	1
107	2024-08-15 04:43:00.999103	2024-08-15 05:51:21.953251	bg-orange-600	7	\N	0	\N	DIB	6
113	2024-08-15 05:03:01.898846	2024-08-15 05:51:23.968989	bg-purple-600	7	\N	0	\N	DIB	38
119	2024-08-15 05:04:48.849425	2024-08-15 05:51:36.04544	bg-pink-400	20	\N	0	\N	DIB	38
121	2024-08-15 05:52:46.063939	2024-08-15 05:52:46.063939	bg-yellow-600	3	\N	0	\N	DIB	38
107	2024-08-15 05:55:22.765083	2024-08-15 05:55:22.765083	bg-lime-600	2	\N	0	\N	DIB	1
107	2024-08-15 05:57:10.51261	2024-08-15 05:57:10.51261	bg-yellow-400	1	\N	0	\N	DIB	15
107	2024-08-15 06:03:18.812797	2024-08-15 06:03:18.812797	bg-lime-600	1	\N	0	\N	DIB	17
102	2024-08-14 13:46:43.015576	2024-08-15 06:06:43.046362	bg-red-200	4	\N	0	\N	DIB	3
75	2024-08-15 06:16:26.347439	2024-08-15 06:16:26.347439	bg-orange-600	2	\N	0	\N	DIB	6
151	2024-08-15 06:16:49.866922	2024-08-15 06:16:49.866922	bg-blue-400	2	\N	0	\N	DIB	3
152	2024-08-15 06:17:02.38235	2024-08-15 06:17:02.38235	bg-green-200	3	\N	0	\N	DIB	3
75	2024-08-15 06:17:22.110818	2024-08-15 06:17:22.110818	bg-lime-200	2	\N	0	\N	DIB	17
84	2024-08-14 08:18:50.686695	2024-08-14 08:19:10.312464	bg-purple-200	2	\N	0	\N	DIB	2
86	2024-08-14 08:19:44.666478	2024-08-14 12:53:30.945402	bg-yellow-200	3	\N	0	\N	DIB	2
4	2024-08-13 07:37:09.663725	2024-08-14 08:22:21.991877	bg-lime-200	20	\N	0	\N	DIB	2
75	2024-08-14 08:22:55.853313	2024-08-14 08:22:55.853313	bg-teal-200	1	\N	0	\N	DIB	14
23	2024-08-14 02:11:38.631411	2024-08-14 12:53:31.857938	bg-lime-400	10	\N	0	\N	DIB	2
99	2024-08-14 09:56:21.091395	2024-08-14 09:59:48.0937	bg-gray-600	13	\N	0	\N	DIB	28
95	2024-08-14 09:38:52.896162	2024-08-14 09:59:58.668649	bg-blue-400	1	\N	0	\N	DIB	28
90	2024-08-14 09:37:15.77773	2024-08-14 09:59:24.98427	bg-orange-400	5	\N	0	\N	DIB	28
92	2024-08-14 09:38:11.901752	2024-08-14 09:59:58.668765	bg-teal-400	2	\N	0	\N	DIB	28
93	2024-08-14 09:38:23.621194	2024-08-14 10:00:02.117839	bg-gray-600	3	\N	0	\N	DIB	28
96	2024-08-14 09:39:38.433495	2024-08-14 10:00:03.82773	bg-purple-200	10	\N	0	\N	DIB	28
97	2024-08-14 09:40:02.99366	2024-08-14 10:00:05.129634	bg-purple-200	11	\N	0	\N	DIB	28
35	2024-08-14 16:36:56.504494	2024-08-14 16:36:56.504494	bg-lime-200	2	\N	0	\N	DIB	34
104	2024-08-14 16:38:25.679337	2024-08-14 16:38:25.679337	bg-red-200	3	\N	0	\N	DIB	36
38	2024-08-14 05:45:28.116067	2024-08-14 16:09:30.225166	bg-lime-200	9	\N	0	\N	DIB	15
55	2024-08-14 16:37:33.698991	2024-08-14 16:37:33.698991	bg-lime-600	1	\N	0	\N	DIB	36
15	2024-08-13 10:18:11.065808	2024-08-14 16:09:30.225298	bg-orange-600	11	\N	0	\N	DIB	15
70	2024-08-14 16:37:53.088512	2024-08-14 16:37:53.088512	bg-red-200	2	\N	0	\N	DIB	36
105	2024-08-14 16:38:20.726229	2024-08-14 16:38:20.726229	bg-red-400	2	\N	0	\N	DIB	18
8	2024-08-15 04:28:50.091758	2024-08-15 07:39:34.877538	bg-yellow-600	2	\N	0	\N	DIB	9
107	2024-08-15 04:22:44.334172	2024-08-15 04:30:10.909509	bg-yellow-400	10	\N	0	\N	DIB	9
109	2024-08-15 04:30:07.524686	2024-08-15 07:39:05.846975	bg-gray-200	21	\N	0	\N	DIB	9
51	2024-08-15 04:41:34.523085	2024-08-15 04:41:34.523085	bg-yellow-400	1	\N	0	\N	DIB	6
108	2024-08-15 04:29:37.888832	2024-08-15 06:20:51.556068	bg-green-200	7	\N	0	\N	DIB	9
153	2024-08-15 06:17:23.870563	2024-08-15 06:17:23.870563	bg-orange-400	5	\N	0	\N	DIB	3
154	2024-08-15 06:23:53.194067	2024-08-15 06:23:53.194067	bg-blue-400	9	\N	0	\N	DIB	3
75	2024-08-15 06:24:34.923425	2024-08-15 06:24:34.923425	bg-green-600	1	\N	0	\N	DIB	18
155	2024-08-15 06:24:03.80961	2024-08-15 06:24:44.961129	bg-gray-200	16	\N	0	\N	DIB	3
41	2024-08-15 06:24:14.224058	2024-08-15 06:24:44.961231	bg-green-600	15	\N	0	\N	DIB	3
158	2024-08-15 06:24:26.831543	2024-08-15 06:24:49.358883	bg-green-200	10	\N	0	\N	DIB	3
107	2024-08-15 06:26:54.33677	2024-08-15 06:26:54.33677	bg-yellow-200	3	\N	0	\N	DIB	18
115	2024-08-15 07:38:59.675518	2024-08-15 07:39:06.859301	bg-red-200	20	\N	0	\N	DIB	9
1	2024-08-15 07:39:29.434357	2024-08-15 07:39:34.877627	bg-purple-600	11	\N	0	\N	DIB	9
75	2024-08-15 06:18:44.451115	2024-08-15 07:39:42.526236	bg-lime-200	4	\N	0	\N	DIB	9
107	2024-08-15 07:40:43.802352	2024-08-15 07:40:43.802352	bg-yellow-200	2	\N	5	\N	DIB	39
10	2024-08-15 17:25:56.301787	2024-08-15 17:26:40.799343	bg-orange-600	10	2024-06-11	5	2024-06-05	READ	12
48	2024-08-14 10:15:47.478663	2024-08-15 17:26:42.247329	bg-blue-600	4	\N	0	\N	DIB	12
159	2024-08-15 06:24:39.692707	2024-08-15 08:38:53.846394	bg-lime-400	14	\N	0	\N	DIB	3
155	2024-08-15 09:34:55.399782	2024-08-15 09:34:55.399782	bg-gray-600	1	2024-08-07	5	2024-08-01	DIB	19
2	2024-08-13 07:34:27.724752	2024-08-15 21:59:31.148491	bg-lime-200	7	\N	0	\N	DIB	3
75	2024-08-15 06:18:51.302891	2024-08-15 21:59:31.148621	bg-yellow-200	21	\N	0	\N	DIB	3
173	2024-08-15 09:41:38.56015	2024-08-15 09:43:04.288854	bg-red-200	4	\N	0	\N	DIB	19
174	2024-08-15 09:42:44.499241	2024-08-15 09:43:05.067387	bg-yellow-200	14	\N	0	\N	DIB	19
180	2024-08-15 12:06:51.020009	2024-08-15 12:06:51.020009	bg-green-600	6	\N	0	\N	DIB	19
172	2024-08-15 09:40:54.80909	2024-08-15 21:59:32.026138	bg-gray-600	13	2024-08-16	5	2024-08-14	DIB	3
107	2024-08-15 06:25:48.331514	2024-08-15 12:15:19.864504	bg-yellow-600	6	\N	0	\N	DIB	2
83	2024-08-14 08:18:35.44044	2024-08-15 12:15:19.864526	bg-pink-400	8	\N	0	\N	DIB	2
78	2024-08-14 08:16:30.490041	2024-08-15 12:15:19.864586	bg-orange-400	13	\N	0	\N	DIB	2
85	2024-08-14 08:19:38.755752	2024-08-15 12:15:19.864606	bg-yellow-200	17	\N	0	\N	DIB	2
154	2024-08-15 13:09:36.932427	2024-08-15 13:09:36.932427	bg-blue-200	1	\N	0	\N	DIB	33
184	2024-08-15 13:10:01.322179	2024-08-15 13:10:01.322179	bg-red-200	2	\N	0	2024-08-07	READING	33
100	2024-08-15 13:10:16.277982	2024-08-15 13:10:16.277982	bg-red-200	3	2024-08-09	4	2024-08-01	READ	33
185	2024-08-15 13:10:31.313835	2024-08-15 13:10:31.313835	bg-yellow-400	4	\N	0	2024-08-07	READING	33
\.


--
-- Data for Name: library_style; Type: TABLE DATA; Schema: public; Owner: magumagu
--

COPY public.library_style (library_id, font_name, font_size, library_color) FROM stdin;
24	default	0	default
25	default	0	#FFFFFF
43	default	0	#FFFFFF
5	LeeSeoYoon	0	bg-yellow-200
10	default	0	#FFFFFF
26	default	0	default
8	default	0	bg-gray-600
3	JejuDoldam	0	bg-purple-400
16	Eulyoo1945	1	bg-pink-200
12	SFHambaknoon	0	bg-pink-600
28	LaundryGothic	1	bg-orange-200
29	default	0	#FFFFFF
31	default	0	default
33	default	0	#FFFFFF
18	default	0	bg-orange-400
15	PyeongtaekSemiconductor	0	bg-blue-400
7	LaundryGothic	0	bg-yellow-600
34	default	0	#FFFFFF
14	default	0	#FFFFFF
36	default	0	#FFFFFF
1	LaundryGothic	1	bg-green-600
17	default	0	default
11	default	0	bg-blue-400
21	default	0	default
22	default	0	bg-yellow-600
37	default	0	bg-blue-200
23	LaundryGothic	1	#FFFFFF
20	default	0	bg-lime-200
6	LeeSeoYoon	0	bg-purple-200
38	GyeonggiCheonnyeon	0	bg-green-200
39	default	0	default
40	default	0	#FFFFFF
9	JejuDoldam	0	bg-blue-200
41	BukkeukkeuMyeongjo	0	bg-green-600
19	default	0	bg-yellow-600
4	UhBeeBanynany	0	bg-yellow-600
42	default	0	default
2	LaundryGothic	2	bg-green-200
\.


--
-- Name: library_id_seq; Type: SEQUENCE SET; Schema: public; Owner: magumagu
--

SELECT pg_catalog.setval('public.library_id_seq', 45, true);


--
-- Name: library_book_mapper library_book_mapper_pkey; Type: CONSTRAINT; Schema: public; Owner: magumagu
--

ALTER TABLE ONLY public.library_book_mapper
    ADD CONSTRAINT library_book_mapper_pkey PRIMARY KEY (book_id, library_id);


--
-- Name: library library_pkey; Type: CONSTRAINT; Schema: public; Owner: magumagu
--

ALTER TABLE ONLY public.library
    ADD CONSTRAINT library_pkey PRIMARY KEY (id);


--
-- Name: library_style library_style_pkey; Type: CONSTRAINT; Schema: public; Owner: magumagu
--

ALTER TABLE ONLY public.library_style
    ADD CONSTRAINT library_style_pkey PRIMARY KEY (library_id);


--
-- Name: library_book_mapper fk2ndumsbd6rrclghbpg81wexk; Type: FK CONSTRAINT; Schema: public; Owner: magumagu
--

ALTER TABLE ONLY public.library_book_mapper
    ADD CONSTRAINT fk2ndumsbd6rrclghbpg81wexk FOREIGN KEY (library_id) REFERENCES public.library(id);


--
-- Name: library_style fkctp63ctv5dju8enrn9yovk45m; Type: FK CONSTRAINT; Schema: public; Owner: magumagu
--

ALTER TABLE ONLY public.library_style
    ADD CONSTRAINT fkctp63ctv5dju8enrn9yovk45m FOREIGN KEY (library_id) REFERENCES public.library(id);


--
-- PostgreSQL database dump complete
--

